Skill ID,Skill Name,Skill Category
1,Java,Technical
2,Python,Technical
3,Project Management,Management
4,Communication,Soft
5,Teamwork,Soft
6,SQL,Technical
7,Data Analysis,Technical
8,Leadership,Management
9,Time Management,Soft
10,HTML,Technical
11,CSS,Technical
12,JavaScript,Technical
13,Machine Learning,Technical
14,Problem Solving,Soft
15,Customer Service,Soft
16,Git,Technical
17,Agile Methodologies,Management
18,Creativity,Soft
19,Negotiation,Management
20,Financial Analysis,Technical
21,Microsoft Excel,Technical
22,Public Speaking,Soft
23,Python for Data Science,Technical
24,Strategic Planning,Management
25,Data Visualization,Technical
26,Salesforce,Technical
27,Cloud Computing,Technical
28,DevOps,Technical
29,Product Management,Management
30,Content Creation,Soft
31,SEO,Technical
32,Cybersecurity,Technical
33,Network Administration,Technical
34,Software Development,Technical
35,Database Management,Technical
36,Financial Modeling,Technical
37,Machine Learning Algorithms,Technical
38,Data Warehousing,Technical
39,Statistical Analysis,Technical
40,Blockchain,Technical
41,Digital Marketing,Technical
42,Graphic Design,Technical
43,UX Design,Technical
44,UI Design,Technical
45,3D Modeling,Technical
46,Video Editing,Technical
47,Audio Engineering,Technical
48,Quality Assurance,Technical
49,Test Automation,Technical
50,Supply Chain Management,Management
51,Logistics,Management
52,Procurement,Management
53,Operations Management,Management
54,Human Resources,Management
55,Recruiting,Management
56,Employee Relations,Management
57,Training and Development,Management
58,Compensation and Benefits,Management
59,Performance Management,Management
60,Organizational Development,Management
61,Corporate Law,Technical
62,Compliance,Technical
63,Internal Audit,Technical
64,Risk Management,Technical
65,Project Scheduling,Management
66,Resource Allocation,Management
67,Budgeting,Management
68,Cost Control,Management
69,Market Research,Technical
70,Competitive Analysis,Technical
71,Business Analysis,Technical
72,Systems Analysis,Technical
73,Requirements Gathering,Technical
74,Process Improvement,Management
75,Lean Manufacturing,Management
76,Six Sigma,Management
77,Change Management,Management
78,Conflict Resolution,Soft
79,Team Leadership,Management
80,Mentoring,Management
81,Coaching,Management
82,Performance Appraisal,Management
83,Customer Relationship Management,Management
84,Customer Support,Soft
85,Technical Support,Technical
86,Help Desk Management,Technical
87,Troubleshooting,Technical
88,System Administration,Technical
89,IT Management,Technical
90,Software Engineering,Technical
91,Web Development,Technical
92,Mobile Development,Technical
93,Game Development,Technical
94,Embedded Systems,Technical
95,IoT Development,Technical
96,AI Development,Technical
97,Natural Language Processing,Technical
98,Robotics,Technical
99,Automation,Technical
100,Big Data,Technical
101,Automation Testing,Technical
102,Penetration Testing,Technical
103,Ethical Hacking,Technical
104,Wireless Networks,Technical
105,Firewall Management,Technical
106,Incident Response,Technical
107,Data Recovery,Technical
108,Backup Solutions,Technical
109,Disaster Recovery,Technical
110,Virtualization,Technical
111,Containerization,Technical
112,Docker,Technical
113,Kubernetes,Technical
114,Microservices,Technical
115,RESTful APIs,Technical
116,GraphQL,Technical
117,ASP.NET,Technical
118,Ruby on Rails,Technical
119,Django,Technical
120,Flask,Technical
121,Spring Boot,Technical
122,React,Technical
123,Angular,Technical
124,Vue.js,Technical
125,Swift,Technical
126,Kotlin,Technical
127,Objective-C,Technical
128,Scala,Technical
129,Groovy,Technical
130,Elixir,Technical
131,Haskell,Technical
132,Erlang,Technical
133,Clojure,Technical
134,TypeScript,Technical
135,SASS,Technical
136,LESS,Technical
137,PostgreSQL,Technical
138,MySQL,Technical
139,MongoDB,Technical
140,Cassandra,Technical
141,Redis,Technical
142,Elasticsearch,Technical
143,Solr,Technical
144,Hadoop,Technical
145,Spark,Technical
146,Flink,Technical
147,Kafka,Technical
148,Data Mining,Technical
149,ETL,Technical
150,Data Governance,Technical
151,Data Privacy,Technical
152,GDPR Compliance,Technical
153,Software Architecture,Technical
154,Cloud Architecture,Technical
155,Solution Architecture,Technical
156,Enterprise Architecture,Technical
157,Technical Writing,Soft
158,Documentation,Soft
159,Content Strategy,Soft
160,Social Media Management,Soft
161,Influencer Marketing,Soft
162,Brand Management,Soft
163,Email Marketing,Soft
164,Copywriting,Soft
165,Editing,Soft
166,Proofreading,Soft
167,Translation,Soft
168,Localization,Soft
169,Voice Acting,Soft
170,Public Relations,Soft
171,Event Planning,Soft
172,Media Relations,Soft
173,Crisis Management,Soft
174,Advertising,Soft
175,Media Buying,Soft
176,Account Management,Management
177,Business Development,Management
178,Partnership Management,Management
179,Sales Management,Management
180,Channel Management,Management
181,Key Account Management,Management
182,Sales Strategy,Management
183,Lead Generation,Management
184,Market Expansion,Management
185,Contract Negotiation,Management
186,Procurement Strategy,Management
187,Vendor Management,Management
188,Supplier Management,Management
189,Inventory Management,Management
190,Warehouse Management,Management
191,Transportation Management,Management
192,Freight Management,Management
193,Quality Control,Management
194,Lean Six Sigma,Management
195,Kaizen,Management
196,ISO Standards,Management
197,Regulatory Compliance,Management
198,Patent Law,Management
199,Trademark Law,Management
200,Intellectual Property,Management
201,Server Administration,Technical
202,Network Security,Technical
203,Cloud Security,Technical
204,Information Security,Technical
205,Security Operations,Technical
206,Threat Hunting,Technical
207,Identity and Access Management,Technical
208,Security Auditing,Technical
209,Mobile Security,Technical
210,Forensic Analysis,Technical
211,Network Forensics,Technical
212,Web Security,Technical
213,Endpoint Security,Technical
214,SIEM Management,Technical
215,Security Information Management,Technical
216,Threat Intelligence,Technical
217,Vulnerability Assessment,Technical
218,Patch Management,Technical
219,Network Monitoring,Technical
220,Database Security,Technical
221,Intrusion Detection,Technical
222,Intrusion Prevention,Technical
223,Access Control,Technical
224,Incident Management,Technical
225,Security Policies,Technical
226,Data Encryption,Technical
227,Security Compliance,Technical
228,Penetration Testing Tools,Technical
229,Security Frameworks,Technical
230,Public Key Infrastructure,Technical
231,Cryptography,Technical
232,Digital Forensics,Technical
233,Malware Analysis,Technical
234,Security Awareness,Technical
235,Security Training,Technical
236,Security Program Development,Technical
237,Security Metrics,Technical
238,Security Architecture Review,Technical
239,Security Testing,Technical
240,Red Teaming,Technical
241,Blue Teaming,Technical
242,DevSecOps,Technical
243,Security Automation,Technical
244,Security Orchestration,Technical
245,Security Engineering,Technical
246,Security Consulting,Technical
247,Application Security,Technical
248,Security Risk Assessment,Technical
249,Physical Security,Technical
250,Emergency Response,Technical
251,Crisis Management Planning,Technical
252,Data Breach Response,Technical
253,Security Awareness Training,Technical
254,Security Budgeting,Technical
255,Security Project Management,Technical
256,Bug Bounty Programs,Technical
257,Mobile App Security,Technical
258,Container Security,Technical
259,Network Design,Technical
260,Security Governance,Technical
261,Security Strategy,Technical
262,Supply Chain Security,Technical
263,Security Incident Response,Technical
264,Cloud Migration,Technical
265,Hybrid Cloud Solutions,Technical
266,Private Cloud Solutions,Technical
267,Public Cloud Solutions,Technical
268,Multi-cloud Management,Technical
269,Serverless Computing,Technical
270,Edge Computing,Technical
271,Infrastructure as Code,Technical
272,API Management,Technical
273,Integration,Technical
274,Middleware,Technical
275,Enterprise Resource Planning,Technical
276,Customer Data Management,Technical
277,Sales Analytics,Technical
278,Revenue Forecasting,Technical
279,Customer Insights,Technical
280,Customer Engagement,Technical
281,Marketing Automation,Technical
282,Customer Journey Mapping,Technical
283,Customer Feedback Management,Technical
284,Loyalty Programs,Technical
285,Customer Segmentation,Technical
286,Personalization,Technical
287,Account-Based Marketing,Technical
288,Digital Campaigns,Technical
289,Programmatic Advertising,Technical
290,Content Marketing,Technical
291,Customer Advocacy,Technical
292,Customer Onboarding,Technical
293,Churn Analysis,Technical
294,Customer Retention,Technical
295,Client Relations,Technical
296,Customer Experience Strategy,Technical
297,Customer Value Optimization,Technical
298,Voice of Customer,Technical
299,Customer Health Score,Technical
300,Customer Lifetime Value,Technical
301,Customer Profitability Analysis,Technical
302,Customer Acquisition Cost,Technical
303,Net Promoter Score,Technical
304,Customer Effort Score,Technical
305,Customer Loyalty Index,Technical
306,First Contact Resolution,Technical
307,Customer Service Quality,Technical
308,Customer Support Operations,Technical
309,Help Desk Solutions,Technical
310,Support Ticketing Systems,Technical
311,Live Chat Support,Technical
312,Multichannel Support,Technical
313,Omnichannel Support,Technical
314,Customer Interaction Analytics,Technical
315,Self-Service Support,Technical
316,Knowledge Base Management,Technical
317,Technical Writing for Support,Technical
318,Customer Success Management,Technical
319,Customer Success Operations,Technical
320,Customer Success Metrics,Technical
321,Data Integration,Technical
322,Data Transformation,Technical
323,Data Cleansing,Technical
324,Data Quality,Technical
325,Data Lineage,Technical
326,Data Cataloging,Technical
327,Master Data Management,Technical
328,Data Modeling,Technical
329,Data Lakes,Technical
330,Big Data Analytics,Technical
331,Real-Time Data Processing,Technical
332,Stream Processing,Technical
333,Data Architecture,Technical
334,Data Strategy,Technical
335,Data Stewardship,Technical
336,Information Architecture,Technical
337,Information Management,Technical
338,Data Analytics,Technical
339,Advanced Analytics,Technical
340,Descriptive Analytics,Technical
341,Diagnostic Analytics,Technical
342,Prescriptive Analytics,Technical
343,Artificial Intelligence,Technical
344,Machine Learning Operations,Technical
345,Deep Learning,Technical
346,Neural Networks,Technical
347,Computer Vision,Technical
348,Speech Recognition,Technical
349,Reinforcement Learning,Technical
350,AI Ethics,Technical
351,AI Governance,Technical
352,AI Model Deployment,Technical
353,Model Validation,Technical
354,Model Tuning,Technical
355,Hyperparameter Optimization,Technical
356,Feature Engineering,Technical
357,Dimensionality Reduction,Technical
358,Time Series Analysis,Technical
359,Anomaly Detection,Technical
360,Recommendation Systems,Technical
361,Natural Language Understanding,Technical
362,Chatbots,Technical
363,Conversational AI,Technical
364,Robotic Process Automation,Technical
365,Process Mining,Technical
366,Text Mining,Technical
367,Sentiment Analysis,Technical
368,Opinion Mining,Technical
369,Named Entity Recognition,Technical
370,Topic Modeling,Technical
371,Document Classification,Technical
372,Document Clustering,Technical
373,Graph Analytics,Technical
374,Knowledge Graphs,Technical
375,Semantic Search,Technical
376,Search Engine Optimization,Technical
377,Web Analytics,Technical
378,Conversion Rate Optimization,Technical
379,E-commerce Analytics,Technical
380,Marketing Analytics,Technical
381,Social Media Analytics,Technical
382,Brand Analytics,Technical
383,Sentiment Tracking,Technical
384,Customer Journey Analytics,Technical
385,Behavioral Analytics,Technical
386,Product Analytics,Technical
387,Ad Analytics,Technical
388,Revenue Analytics,Technical
389,Sales Analytics,Technical
390,Financial Analytics,Technical
391,Operational Analytics,Technical
392,HR Analytics,Technical
393,People Analytics,Technical
394,Employee Engagement,Technical
395,Workforce Planning,Technical
396,Employee Retention,Technical
397,Learning and Development,Technical
398,Talent Acquisition,Technical
399,Performance Coaching,Technical
400,Succession Planning,Technical
401,Competency Mapping,Technical
402,Employee Onboarding,Technical
403,Compensation Analysis,Technical
404,Employee Benefits Administration,Technical
405,HR Compliance,Technical
406,HRIS Management,Technical
407,Payroll Management,Technical
408,Time and Attendance,Technical
409,Employee Scheduling,Technical
410,Labor Relations,Technical
411,Employee Health and Safety,Technical
412,Ergonomics,Technical
413,Wellness Programs,Technical
414,Work-Life Balance,Technical
415,Employee Satisfaction,Technical
416,Conflict Management,Technical
417,Mediation,Technical
418,Arbitration,Technical
419,Industrial Relations,Technical
420,Collective Bargaining,Technical
421,Union Negotiations,Technical
422,Grievance Handling,Technical
423,Disciplinary Actions,Technical
424,HR Metrics,Technical
425,Diversity and Inclusion,Technical
426,Equity Analysis,Technical
427,Cultural Competence,Technical
428,Affirmative Action,Technical
429,Global Mobility,Technical
430,Expatriate Management,Technical
431,Immigration Law,Technical
432,Tax Compliance,Technical
433,Global Talent Management,Technical
434,International HR,Technical
435,Remote Work Management,Technical
436,Telecommuting,Technical
437,Virtual Teams,Technical
438,Collaboration Tools,Technical
439,Project Planning,Technical
440,Project Budgeting,Technical
441,Project Scheduling,Technical
442,Project Tracking,Technical
443,Project Documentation,Technical
444,Project Reporting,Technical
445,Risk Analysis,Technical
446,Risk Mitigation,Technical
447,Contingency Planning,Technical
448,Stakeholder Management,Technical
449,Vendor Relations,Technical
450,Outsourcing Management,Technical
451,Contract Management,Technical
452,Service Level Agreements,Technical
453,IT Service Management,Technical
454,Change Control,Technical
455,Release Management,Technical
456,Incident Management,Technical
457,Problem Management,Technical
458,IT Asset Management,Technical
459,Configuration Management,Technical
460,Software Licensing,Technical
461,ITIL Framework,Technical
462,Cobit Framework,Technical
463,ISO 27001,Technical
464,ISO 20000,Technical
465,SOC 2,Technical
466,CMMC,Technical
467,NIST Cybersecurity Framework,Technical
468,FISMA Compliance,Technical
469,HIPAA Compliance,Technical
470,PCI DSS Compliance,Technical
471,SOX Compliance,Technical
472,GDPR,Technical
473,CCPA,Technical
474,Data Protection,Technical
475,Data Masking,Technical
476,Data Anonymization,Technical
477,Privacy Impact Assessment,Technical
478,Data Subject Access Requests,Technical
479,Privacy by Design,Technical
480,Privacy by Default,Technical
481,Data Minimization,Technical
482,Retention Policies,Technical
483,Information Lifecycle Management,Technical
484,Digital Rights Management,Technical
485,Cyber Resilience,Technical
486,Cyber Insurance,Technical
487,Zero Trust Architecture,Technical
488,Privileged Access Management,Technical
489,Multi-Factor Authentication,Technical
490,Single Sign-On,Technical
491,Biometrics,Technical
492,Password Management,Technical
493,Endpoint Detection and Response,Technical
494,Extended Detection and Response,Technical
495,Threat Modeling,Technical
496,Security Playbooks,Technical
497,Security Operations Center,Technical
498,Cyber Threat Intelligence,Technical
499,Cyber Risk Management,Technical
500,Cybersecurity Metrics,Technical
501,Penetration Testing Methodologies,Technical
502,Incident Response Planning,Technical
503,Disaster Recovery Planning,Technical
504,Forensics Readiness,Technical
505,Data Loss Prevention,Technical
506,Insider Threat Management,Technical
507,Third-Party Risk Management,Technical
508,Cloud Risk Management,Technical
509,Application Risk Management,Technical
510,IoT Security,Technical
511,Blockchain Security,Technical
512,Quantum Cryptography,Technical
513,Post-Quantum Cryptography,Technical
514,Security Token Offerings,Technical
515,Smart Contract Security,Technical
516,DeFi Security,Technical
517,Metaverse Security,Technical
518,NFT Security,Technical
519,5G Security,Technical
520,6G Security,Technical
